A1, 4.70, 31.08, 90.00, ANTENNA-BOARD-REV, ANT_PCB_2.4GHZ_NRF8001_1.6MM_1OZ_REV
B1, -23.00, -19.00, 270.00, PUSHBUTTON_-4.5X4.5, 4.5MM_TACTILE_SWITCH_TL3305AF160QG
B10, 18.00, -26.00, 180.00, PUSHBUTTON_-4.5X4.5, 4.5MM_TACTILE_SWITCH_TL3305AF160QG
B2, 13.00, 22.50, 270.00, BALUN0805, BALUN
B4, -13.00, -15.00, 180.00, PUSHBUTTON_-4.5X4.5, 4.5MM_TACTILE_SWITCH_TL3305AF160QG
B5, -13.00, -24.00, 180.00, PUSHBUTTON_-4.5X4.5, 4.5MM_TACTILE_SWITCH_TL3305AF160QG
B6, 18.00, -12.00, 180.00, PUSHBUTTON_-4.5X4.5, 4.5MM_TACTILE_SWITCH_TL3305AF160QG
B7, 11.00, -19.00, 270.00, PUSHBUTTON_-4.5X4.5, 4.5MM_TACTILE_SWITCH_TL3305AF160QG
B8, 18.00, -19.00, 180.00, PUSHBUTTON_-4.5X4.5, 4.5MM_TACTILE_SWITCH_TL3305AF160QG
B9, 25.00, -19.00, 270.00, PUSHBUTTON_-4.5X4.5, 4.5MM_TACTILE_SWITCH_TL3305AF160QG
C1, -2.00, 9.00, 270.00, 0.1uF, CAPC1608X100
C11, 2.50, 17.00, 180.00, 1uF, CAPC1608X100
C12, 2.50, 11.00, 180.00, 1uF, CAPC1608X100
C13, 19.50, 19.50, 0.00, 1uF, CAPC1608X100
C14, 19.50, 17.50, 180.00, 12pF, CAPC1608X100
C15, 19.50, 10.50, 180.00, 12pF, CAPC1608X100
C16, 19.50, 8.50, 0.00, 1uF, CAPC1608X100
C2, 14.00, 25.00, 0.00, 0.75pF, CAPC1608X100
C3, 9.00, 22.00, 0.00, 22pF, CAPC1608X100
C4, 22.50, 22.00, 270.00, 1uF, CAPC1608X100
C5, -31.50, 6.50, 90.00, 10uF, CAPC1608X100
C6, -24.50, 6.50, 90.00, 10uF, CAPC1608X100
C7, 22.50, 18.00, 90.00, 10uF, CAPC1608X100
C8, 22.50, 14.00, 90.00, 0.1uF, CAPC1608X100
C9, 33.50, 10.00, 90.00, 0.1uF, CAPC1608X100
D1, -30.00, -23.00, 270.00, LED-2X-GREEN/RED-1.6X1.5MM, LED-2X-LITE-ON-1.6MMX1.5MM
D2, -26.00, -0.50, 270.00, 360mV, SODFL3516X96
D3, -31.00, -0.50, 270.00, 360mV, SODFL3516X96
D4, -30.00, -17.00, 270.00, LED-2X-GREEN/RED-1.6X1.5MM, LED-2X-LITE-ON-1.6MMX1.5MM
D5, 31.00, -23.00, 270.00, LED-2X-GREEN/RED-1.6X1.5MM, LED-2X-LITE-ON-1.6MMX1.5MM
D6, 31.00, -17.00, 270.00, LED-2X-GREEN/RED-1.6X1.5MM, LED-2X-LITE-ON-1.6MMX1.5MM
J1, 27.50, 27.34, 180.00, USB-MICROA-AMPHENOL-10118192-0001LF, USB-MICROA-10118192-0001LF
J4, -4.50, 17.50, 0.00, AVR_SPI_PRG_6-SMD, 2X3-SMD
J5, -11.05, 0.50, 270.00, FRSKY-GIMBAL-FRYSKY-HALL-EFFECT, MOLEX-0532610671
J6, -31.00, 22.10, 0.00, FTDI-4PIN-RIGHT-ANGLE-SMD, HEADER-2X2-0.1IN-MALE-RIGHT-ANGLE-SMD
J7, 11.05, 0.50, 90.00, FRSKY-GIMBAL-FRYSKY-HALL-EFFECT, MOLEX-0532610671
L1, -3.43, 25.99, 0.00, SPARKFUN_SERLCD_SERIAL_REDUCED-SMD, SPARKFUN_SERLCD_16X2_REDUCED_SMD
R1, -6.00, 9.00, 0.00, 2.2K, RESCAXS50P200X100X45-8
R2, 4.30, 4.50, 0.00, 10K, RESCAXS50P200X100X45-8
R3, -2.00, 0.00, 0.00, 10K, RESCAXS50P200X100X45-8
R4, -6.00, 4.50, 0.00, 1.5K, RESCAXS50P200X100X45-8
R5, -2.00, 4.50, 0.00, 1.5K, RESCAXS50P200X100X45-8
R6, 19.20, 23.70, 180.00, 10K, RESCAXS50P200X100X45-8
S1, -36.00, -19.00, 90.00, SWITCH-DPDT-300MA-6V-SMD, JS202011JCQN
S2, 36.50, -19.00, 90.00, SWITCH-DPDT-300MA-6V-SMD, JS202011JCQN
U2, -28.00, 6.50, 90.00, MCP73831T-2ACI/OT, SOT23-5
U3, 28.50, 18.00, 90.00, FT232RLSSOP, SSOP28DB
U4, 11.00, 14.50, 270.00, ATMEGA128RFA1, QFN-64
U5, 28.00, 8.50, 0.00, DPDT-X2, SOP65P640X110-16
Y1, 19.50, 14.00, 90.00, CRYSTAL-SMD-3X2, OSCCC320X250X85
